FireCounty,WeatherZone,WeatherCounty
Allen,ALLEN (ZONE),ALLEN CO.
Anderson,ANDERSON (ZONE),ANDERSON CO.
Atchison,ATCHISON (ZONE),ATCHISON CO.
Barber,BARBER (ZONE),BARBER CO.
Barton,BARTON (ZONE),BARTON CO.
Bourbon,BOURBON (ZONE),BOURBON CO.
Brown,BROWN (ZONE),BROWN CO.
Butler,BUTLER (ZONE),BUTLER CO.
Chase,CHASE (ZONE),CHASE CO.
Chautauqua,CHAUTAUQUA (ZONE),CHAUTAUQUA CO.
Cherokee,CHEROKEE (ZONE),CHEROKEE CO.
Cheyenne,CHEYENNE (ZONE),CHEYENNE CO.
Clark,CLARK (ZONE),CLARK CO.
Clay,CLAY (ZONE),CLAY CO.
Cloud,CLOUD (ZONE),CLOUD CO.
Coffey,COFFEY (ZONE),COFFEY CO.
Comanche,COMANCHE (ZONE),COMANCHE CO.
Cowley,COWLEY (ZONE),COWLEY CO.
Crawford,CRAWFORD (ZONE),CRAWFORD CO.
Dickinson,DICKINSON (ZONE),DICKINSON CO.
Doniphan,DONIPHAN (ZONE),DONIPHAN CO.
Douglas,DOUGLAS (ZONE),DOUGLAS CO.
Edwards,EDWARDS (ZONE),EDWARDS CO.
Elk,ELK (ZONE),ELK CO.
Ellis,ELLIS (ZONE),ELLIS CO.
Ellsworth,ELLSWORTH (ZONE),ELLSWORTH CO.
Finney,FINNEY (ZONE),FINNEY CO.
Ford,FORD (ZONE),FORD CO.
Franklin,FRANKLIN (ZONE),FRANKLIN CO.
Geary,GEARY (ZONE),GEARY CO.
Gove,GOVE (ZONE),GOVE CO.
Graham,GRAHAM (ZONE),GRAHAM CO.
Grant,GRANT (ZONE),GRANT CO.
Gray,GRAY (ZONE),GRAY CO.
Greeley,GREELEY (ZONE),GREELEY CO.
Greenwood,GREENWOOD (ZONE),GREENWOOD CO.
Hamilton,HAMILTON (ZONE),HAMILTON CO.
Harper,HARPER (ZONE),HARPER CO.
Harvey,HARVEY (ZONE),HARVEY CO.
Haskell,HASKELL (ZONE),HASKELL CO.
Hodgeman,HODGEMAN (ZONE),HODGEMAN CO.
Jackson,JACKSON (ZONE),JACKSON CO.
Jefferson,JEFFERSON (ZONE),JEFFERSON CO.
Jewell,JEWELL (ZONE),JEWELL CO.
Johnson,JOHNSON (ZONE),JOHNSON CO.
Kingman,KINGMAN (ZONE),KINGMAN CO.
Kiowa,KIOWA (ZONE),KIOWA CO.
Labette,LABETTE (ZONE),LABETTE CO.
Lane,LANE (ZONE),LANE CO.
Leavenworth,LEAVENWORTH (ZONE),LEAVENWORTH CO.
Lincoln,LINCOLN (ZONE),LINCOLN CO.
Linn,LINN (ZONE),LINN CO.
Logan,LOGAN (ZONE),LOGAN CO.
Lyon,LYON (ZONE),LYON CO.
Marion,MARION (ZONE),MARION CO.
Marshall,MARSHALL (ZONE),MARSHALL CO.
McPherson,MCPHERSON (ZONE),MCPHERSON CO.
McPherson,MCPHERSON (ZONE),MCPHERSON CO.
Meade,MEADE (ZONE),MEADE CO.
Miami,MIAMI (ZONE),MIAMI CO.
Mitchell,MITCHELL (ZONE),MITCHELL CO.
Montgomery,MONTGOMERY (ZONE),MONTGOMERY CO.
Morris,MORRIS (ZONE),MORRIS CO.
Morton,MORTON (ZONE),MORTON CO.
Nemaha,NEMAHA (ZONE),NEMAHA CO.
Neosho,NEOSHO (ZONE),NEOSHO CO.
Ness,NESS (ZONE),NESS CO.
Norton,NORTON (ZONE),NORTON CO.
Osage,OSAGE (ZONE),OSAGE CO.
Osborne,OSBORNE (ZONE),OSBORNE CO.
Ottawa,OTTAWA (ZONE),OTTAWA CO.
Pawnee,PAWNEE (ZONE),PAWNEE CO.
Phillips,PHILLIPS (ZONE),PHILLIPS CO.
Pottawatomie,POTTAWATOMIE (ZONE),POTTAWATOMIE CO.
Pratt,PRATT (ZONE),PRATT CO.
Rawlings,RAWLINGS (ZONE),RAWLINGS CO.
Reno,RENO (ZONE),RENO CO.
Republic,REPUBLIC (ZONE),REPUBLIC CO.
Rice,RICE (ZONE),RICE CO.
Riley,RILEY (ZONE),RILEY CO.
Rooks,ROOKS (ZONE),ROOKS CO.
Rush,RUSH (ZONE),RUSH CO.
Russell,RUSSELL (ZONE),RUSSELL CO.
Saline,SALINE (ZONE),SALINE CO.
Scott,SCOTT (ZONE),SCOTT CO.
Sedgwick,SEDGWICK (ZONE),SEDGWICK CO.
Seward,SEWARD (ZONE),SEWARD CO.
Shawnee,SHAWNEE (ZONE),SHAWNEE CO.
Sheridan,SHERIDAN (ZONE),SHERIDAN CO.
Sherman,SHERMAN (ZONE),SHERMAN CO.
Smith,SMITH (ZONE),SMITH CO.
Stafford,STAFFORD (ZONE),STAFFORD CO.
Stanton,STANTON (ZONE),STANTON CO.
Stevens,STEVENS (ZONE),STEVENS CO.
Sumner,SUMNER (ZONE),SUMNER CO.
Thomas,THOMAS (ZONE),THOMAS CO.
Trego,TREGO (ZONE),TREGO CO.
Wabaunsee,WABAUNSEE (ZONE),WABAUNSEE CO.
Wallace,WALLACE (ZONE),WALLACE CO.
Washington,WASHINGTON (ZONE),WASHINGTON CO.
Wichita,WICHITA (ZONE),WICHITA CO.
Wilson,WILSON (ZONE),WILSON CO.
Woodson,WOODSON (ZONE),WOODSON CO.
Wyandotte,WYANDOTTE (ZONE),WYANDOTTE CO.